Program,Role,District,QuestionId,MetricName,CorrectCount,TotalRespondents,AccuracyPct
CLSS,Participant,Agar Malwa,82,82_Correct,173.0,239.0,72.38
CLSS,Participant,Alirajpur,82,82_Correct,206.0,339.0,60.77
CLSS,Participant,Anuppur,82,82_Correct,179.0,278.0,64.39
CLSS,Participant,Ashoknagar,82,82_Correct,197.0,347.0,56.77
CLSS,Participant,Balaghat,82,82_Correct,497.0,802.0,61.97
CLSS,Participant,Barwani,82,82_Correct,318.0,565.0,56.28
CLSS,Participant,Betul,82,82_Correct,653.0,951.0,68.66
CLSS,Participant,Bhind,82,82_Correct,364.0,637.0,57.14
CLSS,Participant,Bhopal,82,82_Correct,194.0,321.0,60.44
CLSS,Participant,Burhanpur,82,82_Correct,86.0,147.0,58.5
CLSS,Participant,Chhatarpur,82,82_Correct,440.0,720.0,61.11
CLSS,Participant,Chhindwara,82,82_Correct,654.0,863.0,75.78
CLSS,Participant,Damoh,82,82_Correct,202.0,374.0,54.01
CLSS,Participant,Datia,82,82_Correct,171.0,338.0,50.59
CLSS,Participant,Dewas,82,82_Correct,1.0,1.0,100.0
CLSS,Participant,Dhar,82,82_Correct,503.0,839.0,59.95
CLSS,Participant,Dindori,82,82_Correct,153.0,310.0,49.35
CLSS,Participant,Guna,82,82_Correct,239.0,404.0,59.16
CLSS,Participant,Gwalior,82,82_Correct,277.0,527.0,52.56
CLSS,Participant,Harda,82,82_Correct,145.0,220.0,65.91
CLSS,Participant,Indore,82,82_Correct,320.0,459.0,69.72
CLSS,Participant,Jabalpur,82,82_Correct,274.0,410.0,66.83
CLSS,Participant,Jhabua,82,82_Correct,296.0,478.0,61.92
CLSS,Participant,Katni,82,82_Correct,273.0,435.0,62.76
CLSS,Participant,Khandwa,82,82_Correct,278.0,423.0,65.72
CLSS,Participant,Khargone,82,82_Correct,258.0,416.0,62.02
CLSS,Participant,Mandla,82,82_Correct,402.0,624.0,64.42
CLSS,Participant,Mandsaur,82,82_Correct,425.0,550.0,77.27
CLSS,Participant,Morena,82,82_Correct,406.0,731.0,55.54
CLSS,Participant,Narmadapuram,82,82_Correct,435.0,585.0,74.36
CLSS,Participant,Narsinghpur,82,82_Correct,341.0,471.0,72.4
CLSS,Participant,Neemuch,82,82_Correct,229.0,340.0,67.35
CLSS,Participant,Niwari,82,82_Correct,72.0,143.0,50.35
CLSS,Participant,Panna,82,82_Correct,388.0,614.0,63.19
CLSS,Participant,Raisen,82,82_Correct,347.0,546.0,63.55
CLSS,Participant,Rajgarh,82,82_Correct,389.0,651.0,59.75
CLSS,Participant,Ratlam,82,82_Correct,475.0,760.0,62.5
CLSS,Participant,Rewa,82,82_Correct,244.0,397.0,61.46
CLSS,Participant,Sagar,82,82_Correct,285.0,479.0,59.5
CLSS,Participant,Satna,82,82_Correct,323.0,559.0,57.78
CLSS,Participant,Sehore,82,82_Correct,1.0,3.0,33.33
CLSS,Participant,Seoni,82,82_Correct,426.0,687.0,62.01
CLSS,Participant,Shahdol,82,82_Correct,190.0,321.0,59.19
CLSS,Participant,Shajapur,82,82_Correct,286.0,385.0,74.29
CLSS,Participant,Sheopur,82,82_Correct,142.0,234.0,60.68
CLSS,Participant,Shivpuri,82,82_Correct,223.0,412.0,54.13
CLSS,Participant,Sidhi,82,82_Correct,294.0,517.0,56.87
CLSS,Participant,Singrauli,82,82_Correct,125.0,251.0,49.8
CLSS,Participant,Tikamgarh,82,82_Correct,142.0,266.0,53.38
CLSS,Participant,Ujjain,82,82_Correct,345.0,548.0,62.96
CLSS,Participant,Umaria,82,82_Correct,125.0,256.0,48.83
CLSS,Participant,Vidisha,82,82_Correct,436.0,612.0,71.24
CLSS,Participant,Total,82,82_Correct,14847.0,23785.0,62.42
CLSS,Participant,Agar Malwa,84,84_Correct,224.0,239.0,93.72
CLSS,Participant,Alirajpur,84,84_Correct,309.0,339.0,91.15
CLSS,Participant,Anuppur,84,84_Correct,219.0,278.0,78.78
CLSS,Participant,Ashoknagar,84,84_Correct,308.0,347.0,88.76
CLSS,Participant,Balaghat,84,84_Correct,713.0,802.0,88.9
CLSS,Participant,Barwani,84,84_Correct,486.0,565.0,86.02
CLSS,Participant,Betul,84,84_Correct,856.0,951.0,90.01
CLSS,Participant,Bhind,84,84_Correct,537.0,637.0,84.3
CLSS,Participant,Bhopal,84,84_Correct,274.0,321.0,85.36
CLSS,Participant,Burhanpur,84,84_Correct,129.0,147.0,87.76
CLSS,Participant,Chhatarpur,84,84_Correct,640.0,720.0,88.89
CLSS,Participant,Chhindwara,84,84_Correct,806.0,863.0,93.4
CLSS,Participant,Damoh,84,84_Correct,332.0,374.0,88.77
CLSS,Participant,Datia,84,84_Correct,296.0,338.0,87.57
CLSS,Participant,Dewas,84,84_Correct,1.0,1.0,100.0
CLSS,Participant,Dhar,84,84_Correct,665.0,839.0,79.26
CLSS,Participant,Dindori,84,84_Correct,210.0,310.0,67.74
CLSS,Participant,Guna,84,84_Correct,377.0,404.0,93.32
CLSS,Participant,Gwalior,84,84_Correct,463.0,527.0,87.86
CLSS,Participant,Harda,84,84_Correct,211.0,220.0,95.91
CLSS,Participant,Indore,84,84_Correct,417.0,459.0,90.85
CLSS,Participant,Jabalpur,84,84_Correct,368.0,410.0,89.76
CLSS,Participant,Jhabua,84,84_Correct,421.0,478.0,88.08
CLSS,Participant,Katni,84,84_Correct,398.0,435.0,91.49
CLSS,Participant,Khandwa,84,84_Correct,369.0,423.0,87.23
CLSS,Participant,Khargone,84,84_Correct,347.0,416.0,83.41
CLSS,Participant,Mandla,84,84_Correct,552.0,624.0,88.46
CLSS,Participant,Mandsaur,84,84_Correct,503.0,550.0,91.45
CLSS,Participant,Morena,84,84_Correct,640.0,731.0,87.55
CLSS,Participant,Narmadapuram,84,84_Correct,538.0,585.0,91.97
CLSS,Participant,Narsinghpur,84,84_Correct,439.0,471.0,93.21
CLSS,Participant,Neemuch,84,84_Correct,301.0,340.0,88.53
CLSS,Participant,Niwari,84,84_Correct,110.0,143.0,76.92
CLSS,Participant,Panna,84,84_Correct,551.0,614.0,89.74
CLSS,Participant,Raisen,84,84_Correct,498.0,546.0,91.21
CLSS,Participant,Rajgarh,84,84_Correct,571.0,651.0,87.71
CLSS,Participant,Ratlam,84,84_Correct,648.0,760.0,85.26
CLSS,Participant,Rewa,84,84_Correct,344.0,397.0,86.65
CLSS,Participant,Sagar,84,84_Correct,426.0,479.0,88.94
CLSS,Participant,Satna,84,84_Correct,505.0,559.0,90.34
CLSS,Participant,Sehore,84,84_Correct,3.0,3.0,100.0
CLSS,Participant,Seoni,84,84_Correct,621.0,687.0,90.39
CLSS,Participant,Shahdol,84,84_Correct,279.0,321.0,86.92
CLSS,Participant,Shajapur,84,84_Correct,361.0,385.0,93.77
CLSS,Participant,Sheopur,84,84_Correct,203.0,234.0,86.75
CLSS,Participant,Shivpuri,84,84_Correct,375.0,412.0,91.02
CLSS,Participant,Sidhi,84,84_Correct,444.0,517.0,85.88
CLSS,Participant,Singrauli,84,84_Correct,203.0,251.0,80.88
CLSS,Participant,Tikamgarh,84,84_Correct,206.0,266.0,77.44
CLSS,Participant,Ujjain,84,84_Correct,490.0,548.0,89.42
CLSS,Participant,Umaria,84,84_Correct,221.0,256.0,86.33
CLSS,Participant,Vidisha,84,84_Correct,548.0,612.0,89.54
CLSS,Participant,Total,84,84_Correct,20956.0,23785.0,88.11
CLSS,Participant,Agar Malwa,95,95_Correct,95.0,239.0,39.75
CLSS,Participant,Alirajpur,95,95_Correct,124.0,339.0,36.58
CLSS,Participant,Anuppur,95,95_Correct,78.0,278.0,28.06
CLSS,Participant,Ashoknagar,95,95_Correct,129.0,347.0,37.18
CLSS,Participant,Balaghat,95,95_Correct,274.0,802.0,34.16
CLSS,Participant,Barwani,95,95_Correct,196.0,565.0,34.69
CLSS,Participant,Betul,95,95_Correct,333.0,951.0,35.02
CLSS,Participant,Bhind,95,95_Correct,190.0,637.0,29.83
CLSS,Participant,Bhopal,95,95_Correct,117.0,321.0,36.45
CLSS,Participant,Burhanpur,95,95_Correct,55.0,147.0,37.41
CLSS,Participant,Chhatarpur,95,95_Correct,247.0,720.0,34.31
CLSS,Participant,Chhindwara,95,95_Correct,321.0,863.0,37.2
CLSS,Participant,Damoh,95,95_Correct,109.0,374.0,29.14
CLSS,Participant,Datia,95,95_Correct,106.0,338.0,31.36
CLSS,Participant,Dewas,95,95_Correct,1.0,1.0,100.0
CLSS,Participant,Dhar,95,95_Correct,324.0,839.0,38.62
CLSS,Participant,Dindori,95,95_Correct,108.0,310.0,34.84
CLSS,Participant,Guna,95,95_Correct,133.0,404.0,32.92
CLSS,Participant,Gwalior,95,95_Correct,185.0,527.0,35.1
CLSS,Participant,Harda,95,95_Correct,70.0,220.0,31.82
CLSS,Participant,Indore,95,95_Correct,216.0,459.0,47.06
CLSS,Participant,Jabalpur,95,95_Correct,173.0,410.0,42.2
CLSS,Participant,Jhabua,95,95_Correct,163.0,478.0,34.1
CLSS,Participant,Katni,95,95_Correct,160.0,435.0,36.78
CLSS,Participant,Khandwa,95,95_Correct,152.0,423.0,35.93
CLSS,Participant,Khargone,95,95_Correct,149.0,416.0,35.82
CLSS,Participant,Mandla,95,95_Correct,253.0,624.0,40.54
CLSS,Participant,Mandsaur,95,95_Correct,178.0,550.0,32.36
CLSS,Participant,Morena,95,95_Correct,245.0,731.0,33.52
CLSS,Participant,Narmadapuram,95,95_Correct,245.0,585.0,41.88
CLSS,Participant,Narsinghpur,95,95_Correct,218.0,471.0,46.28
CLSS,Participant,Neemuch,95,95_Correct,130.0,340.0,38.24
CLSS,Participant,Niwari,95,95_Correct,52.0,143.0,36.36
CLSS,Participant,Panna,95,95_Correct,212.0,614.0,34.53
CLSS,Participant,Raisen,95,95_Correct,179.0,546.0,32.78
CLSS,Participant,Rajgarh,95,95_Correct,247.0,651.0,37.94
CLSS,Participant,Ratlam,95,95_Correct,262.0,760.0,34.47
CLSS,Participant,Rewa,95,95_Correct,135.0,397.0,34.01
CLSS,Participant,Sagar,95,95_Correct,175.0,479.0,36.53
CLSS,Participant,Satna,95,95_Correct,208.0,559.0,37.21
CLSS,Participant,Sehore,95,95_Correct,1.0,3.0,33.33
CLSS,Participant,Seoni,95,95_Correct,250.0,687.0,36.39
CLSS,Participant,Shahdol,95,95_Correct,112.0,321.0,34.89
CLSS,Participant,Shajapur,95,95_Correct,153.0,385.0,39.74
CLSS,Participant,Sheopur,95,95_Correct,104.0,234.0,44.44
CLSS,Participant,Shivpuri,95,95_Correct,115.0,412.0,27.91
CLSS,Participant,Sidhi,95,95_Correct,150.0,517.0,29.01
CLSS,Participant,Singrauli,95,95_Correct,79.0,251.0,31.47
CLSS,Participant,Tikamgarh,95,95_Correct,91.0,266.0,34.21
CLSS,Participant,Ujjain,95,95_Correct,198.0,548.0,36.13
CLSS,Participant,Umaria,95,95_Correct,101.0,256.0,39.45
CLSS,Participant,Vidisha,95,95_Correct,247.0,612.0,40.36
CLSS,Participant,Agar Malwa,96,96_Correct,165.0,239.0,69.04
CLSS,Participant,Alirajpur,96,96_Correct,210.0,339.0,61.95
CLSS,Participant,Anuppur,96,96_Correct,193.0,278.0,69.42
CLSS,Participant,Ashoknagar,96,96_Correct,223.0,347.0,64.27
CLSS,Participant,Balaghat,96,96_Correct,496.0,802.0,61.85
CLSS,Participant,Barwani,96,96_Correct,315.0,565.0,55.75
CLSS,Participant,Betul,96,96_Correct,577.0,951.0,60.67
CLSS,Participant,Bhind,96,96_Correct,356.0,637.0,55.89
CLSS,Participant,Bhopal,96,96_Correct,198.0,321.0,61.68
CLSS,Participant,Burhanpur,96,96_Correct,82.0,147.0,55.78
CLSS,Participant,Chhatarpur,96,96_Correct,446.0,720.0,61.94
CLSS,Participant,Chhindwara,96,96_Correct,563.0,863.0,65.24
CLSS,Participant,Damoh,96,96_Correct,211.0,374.0,56.42
CLSS,Participant,Datia,96,96_Correct,204.0,338.0,60.36
CLSS,Participant,Dewas,96,96_Correct,0.0,1.0,0.0
CLSS,Participant,Dhar,96,96_Correct,475.0,839.0,56.62
CLSS,Participant,Dindori,96,96_Correct,193.0,310.0,62.26
CLSS,Participant,Guna,96,96_Correct,244.0,404.0,60.4
CLSS,Participant,Gwalior,96,96_Correct,310.0,527.0,58.82
CLSS,Participant,Harda,96,96_Correct,144.0,220.0,65.45
CLSS,Participant,Indore,96,96_Correct,314.0,459.0,68.41
CLSS,Participant,Jabalpur,96,96_Correct,240.0,410.0,58.54
CLSS,Participant,Jhabua,96,96_Correct,280.0,478.0,58.58
CLSS,Participant,Katni,96,96_Correct,271.0,435.0,62.3
CLSS,Participant,Khandwa,96,96_Correct,273.0,423.0,64.54
CLSS,Participant,Khargone,96,96_Correct,241.0,416.0,57.93
CLSS,Participant,Mandla,96,96_Correct,368.0,624.0,58.97
CLSS,Participant,Mandsaur,96,96_Correct,348.0,550.0,63.27
CLSS,Participant,Morena,96,96_Correct,458.0,731.0,62.65
CLSS,Participant,Narmadapuram,96,96_Correct,385.0,585.0,65.81
CLSS,Participant,Narsinghpur,96,96_Correct,307.0,471.0,65.18
CLSS,Participant,Neemuch,96,96_Correct,216.0,340.0,63.53
CLSS,Participant,Niwari,96,96_Correct,74.0,143.0,51.75
CLSS,Participant,Panna,96,96_Correct,395.0,614.0,64.33
CLSS,Participant,Raisen,96,96_Correct,333.0,546.0,60.99
CLSS,Participant,Rajgarh,96,96_Correct,413.0,651.0,63.44
CLSS,Participant,Ratlam,96,96_Correct,471.0,760.0,61.97
CLSS,Participant,Rewa,96,96_Correct,249.0,397.0,62.72
CLSS,Participant,Sagar,96,96_Correct,297.0,479.0,62.0
CLSS,Participant,Satna,96,96_Correct,353.0,559.0,63.15
CLSS,Participant,Sehore,96,96_Correct,2.0,3.0,66.67
CLSS,Participant,Seoni,96,96_Correct,403.0,687.0,58.66
CLSS,Participant,Shahdol,96,96_Correct,188.0,321.0,58.57
CLSS,Participant,Shajapur,96,96_Correct,260.0,385.0,67.53
CLSS,Participant,Sheopur,96,96_Correct,165.0,234.0,70.51
CLSS,Participant,Shivpuri,96,96_Correct,251.0,412.0,60.92
CLSS,Participant,Sidhi,96,96_Correct,343.0,517.0,66.34
CLSS,Participant,Singrauli,96,96_Correct,156.0,251.0,62.15
CLSS,Participant,Tikamgarh,96,96_Correct,176.0,266.0,66.17
CLSS,Participant,Ujjain,96,96_Correct,352.0,548.0,64.23
CLSS,Participant,Umaria,96,96_Correct,164.0,256.0,64.06
CLSS,Participant,Vidisha,96,96_Correct,407.0,612.0,66.5
CLSS,Participant,Agar Malwa,97,97_Correct,91.0,239.0,38.08
CLSS,Participant,Alirajpur,97,97_Correct,102.0,339.0,30.09
CLSS,Participant,Anuppur,97,97_Correct,89.0,278.0,32.01
CLSS,Participant,Ashoknagar,97,97_Correct,100.0,347.0,28.82
CLSS,Participant,Balaghat,97,97_Correct,244.0,802.0,30.42
CLSS,Participant,Barwani,97,97_Correct,152.0,565.0,26.9
CLSS,Participant,Betul,97,97_Correct,314.0,951.0,33.02
CLSS,Participant,Bhind,97,97_Correct,201.0,637.0,31.55
CLSS,Participant,Bhopal,97,97_Correct,133.0,321.0,41.43
CLSS,Participant,Burhanpur,97,97_Correct,48.0,147.0,32.65
CLSS,Participant,Chhatarpur,97,97_Correct,210.0,720.0,29.17
CLSS,Participant,Chhindwara,97,97_Correct,345.0,863.0,39.98
CLSS,Participant,Damoh,97,97_Correct,128.0,374.0,34.22
CLSS,Participant,Datia,97,97_Correct,111.0,338.0,32.84
CLSS,Participant,Dewas,97,97_Correct,0.0,1.0,0.0
CLSS,Participant,Dhar,97,97_Correct,232.0,839.0,27.65
CLSS,Participant,Dindori,97,97_Correct,74.0,310.0,23.87
CLSS,Participant,Guna,97,97_Correct,133.0,404.0,32.92
CLSS,Participant,Gwalior,97,97_Correct,184.0,527.0,34.91
CLSS,Participant,Harda,97,97_Correct,89.0,220.0,40.45
CLSS,Participant,Indore,97,97_Correct,199.0,459.0,43.36
CLSS,Participant,Jabalpur,97,97_Correct,168.0,410.0,40.98
CLSS,Participant,Jhabua,97,97_Correct,130.0,478.0,27.2
CLSS,Participant,Katni,97,97_Correct,166.0,435.0,38.16
CLSS,Participant,Khandwa,97,97_Correct,125.0,423.0,29.55
CLSS,Participant,Khargone,97,97_Correct,144.0,416.0,34.62
CLSS,Participant,Mandla,97,97_Correct,215.0,624.0,34.46
CLSS,Participant,Mandsaur,97,97_Correct,162.0,550.0,29.45
CLSS,Participant,Morena,97,97_Correct,244.0,731.0,33.38
CLSS,Participant,Narmadapuram,97,97_Correct,233.0,585.0,39.83
CLSS,Participant,Narsinghpur,97,97_Correct,167.0,471.0,35.46
CLSS,Participant,Neemuch,97,97_Correct,142.0,340.0,41.76
CLSS,Participant,Niwari,97,97_Correct,41.0,143.0,28.67
CLSS,Participant,Panna,97,97_Correct,206.0,614.0,33.55
CLSS,Participant,Raisen,97,97_Correct,189.0,546.0,34.62
CLSS,Participant,Rajgarh,97,97_Correct,228.0,651.0,35.02
CLSS,Participant,Ratlam,97,97_Correct,262.0,760.0,34.47
CLSS,Participant,Rewa,97,97_Correct,148.0,397.0,37.28
CLSS,Participant,Sagar,97,97_Correct,165.0,479.0,34.45
CLSS,Participant,Satna,97,97_Correct,202.0,559.0,36.14
CLSS,Participant,Sehore,97,97_Correct,1.0,3.0,33.33
CLSS,Participant,Seoni,97,97_Correct,206.0,687.0,29.99
CLSS,Participant,Shahdol,97,97_Correct,101.0,321.0,31.46
CLSS,Participant,Shajapur,97,97_Correct,176.0,385.0,45.71
CLSS,Participant,Sheopur,97,97_Correct,109.0,234.0,46.58
CLSS,Participant,Shivpuri,97,97_Correct,126.0,412.0,30.58
CLSS,Participant,Sidhi,97,97_Correct,155.0,517.0,29.98
CLSS,Participant,Singrauli,97,97_Correct,57.0,251.0,22.71
CLSS,Participant,Tikamgarh,97,97_Correct,86.0,266.0,32.33
CLSS,Participant,Ujjain,97,97_Correct,201.0,548.0,36.68
CLSS,Participant,Umaria,97,97_Correct,84.0,256.0,32.81
CLSS,Participant,Vidisha,97,97_Correct,236.0,612.0,38.56
DO,Participant,Agar Malwa,35,35_Correct,36.0,51.0,70.59
DO,Participant,Alirajpur,35,35_Correct,69.0,110.0,62.73
DO,Participant,Ashoknagar,35,35_Correct,49.0,76.0,64.47
DO,Participant,Balaghat,35,35_Correct,89.0,110.0,80.91
DO,Participant,Barwani,35,35_Correct,73.0,104.0,70.19
DO,Participant,Betul,35,35_Correct,114.0,130.0,87.69
DO,Participant,Bhind,35,35_Correct,73.0,91.0,80.22
DO,Participant,Bhopal,35,35_Correct,44.0,57.0,77.19
DO,Participant,Burhanpur,35,35_Correct,22.0,29.0,75.86
DO,Participant,Chhatarpur,35,35_Correct,74.0,120.0,61.67
DO,Participant,Chhindwara,35,35_Correct,130.0,142.0,91.55
DO,Participant,Damoh,35,35_Correct,49.0,66.0,74.24
DO,Participant,Datia,35,35_Correct,39.0,59.0,66.1
DO,Participant,Dhar,35,35_Correct,135.0,166.0,81.33
DO,Participant,Dindori,35,35_Correct,53.0,73.0,72.6
DO,Participant,Guna,35,35_Correct,56.0,76.0,73.68
DO,Participant,Gwalior,35,35_Correct,67.0,90.0,74.44
DO,Participant,Harda,35,35_Correct,22.0,39.0,56.41
DO,Participant,Indore,35,35_Correct,54.0,76.0,71.05
DO,Participant,Jabalpur,35,35_Correct,73.0,91.0,80.22
DO,Participant,Jhabua,35,35_Correct,72.0,101.0,71.29
DO,Participant,Katni,35,35_Correct,68.0,87.0,78.16
DO,Participant,Khargone,35,35_Correct,127.0,160.0,79.38
DO,Participant,Mandla,35,35_Correct,96.0,110.0,87.27
DO,Participant,Mandsaur,35,35_Correct,82.0,86.0,95.35
DO,Participant,Morena,35,35_Correct,84.0,117.0,71.79
DO,Participant,Narmadapuram,35,35_Correct,65.0,79.0,82.28
DO,Participant,Narsinghpur,35,35_Correct,66.0,87.0,75.86
DO,Participant,Neemuch,35,35_Correct,45.0,57.0,78.95
DO,Participant,Niwari,35,35_Correct,23.0,31.0,74.19
DO,Participant,Panna,35,35_Correct,82.0,103.0,79.61
DO,Participant,Raisen,35,35_Correct,89.0,110.0,80.91
DO,Participant,Rajgarh,35,35_Correct,85.0,129.0,65.89
DO,Participant,Ratlam,35,35_Correct,98.0,114.0,85.96
DO,Participant,Rewa,35,35_Correct,49.0,71.0,69.01
DO,Participant,Sagar,35,35_Correct,89.0,122.0,72.95
DO,Participant,Satna,35,35_Correct,165.0,206.0,80.1
DO,Participant,Seoni,35,35_Correct,93.0,122.0,76.23
DO,Participant,Shahdol,35,35_Correct,73.0,83.0,87.95
DO,Participant,Shajapur,35,35_Correct,59.0,64.0,92.19
DO,Participant,Sheopur,35,35_Correct,35.0,50.0,70.0
DO,Participant,Shivpuri,35,35_Correct,81.0,116.0,69.83
DO,Participant,Sidhi,35,35_Correct,74.0,92.0,80.43
DO,Participant,Singrauli,35,35_Correct,25.0,39.0,64.1
DO,Participant,Tikamgarh,35,35_Correct,54.0,68.0,79.41
DO,Participant,Ujjain,35,35_Correct,78.0,114.0,68.42
DO,Participant,Umaria,35,35_Correct,47.0,65.0,72.31
DO,Participant,Vidisha,35,35_Correct,95.0,115.0,82.61
DO,Participant,Total,35,35_Correct,3420.0,4454.0,76.78
DO,Participant,Agar Malwa,43,43_Correct,27.0,51.0,52.94
DO,Participant,Alirajpur,43,43_Correct,45.0,110.0,40.91
DO,Participant,Ashoknagar,43,43_Correct,29.0,76.0,38.16
DO,Participant,Balaghat,43,43_Correct,31.0,110.0,28.18
DO,Participant,Barwani,43,43_Correct,30.0,104.0,28.85
DO,Participant,Betul,43,43_Correct,53.0,130.0,40.77
DO,Participant,Bhind,43,43_Correct,21.0,91.0,23.08
DO,Participant,Bhopal,43,43_Correct,21.0,57.0,36.84
DO,Participant,Burhanpur,43,43_Correct,7.0,29.0,24.14
DO,Participant,Chhatarpur,43,43_Correct,56.0,120.0,46.67
DO,Participant,Chhindwara,43,43_Correct,51.0,142.0,35.92
DO,Participant,Damoh,43,43_Correct,29.0,66.0,43.94
DO,Participant,Datia,43,43_Correct,16.0,59.0,27.12
DO,Participant,Dhar,43,43_Correct,78.0,166.0,46.99
DO,Participant,Dindori,43,43_Correct,23.0,73.0,31.51
DO,Participant,Guna,43,43_Correct,23.0,76.0,30.26
DO,Participant,Gwalior,43,43_Correct,46.0,90.0,51.11
DO,Participant,Harda,43,43_Correct,15.0,39.0,38.46
DO,Participant,Indore,43,43_Correct,29.0,76.0,38.16
DO,Participant,Jabalpur,43,43_Correct,46.0,91.0,50.55
DO,Participant,Jhabua,43,43_Correct,33.0,101.0,32.67
DO,Participant,Katni,43,43_Correct,32.0,87.0,36.78
DO,Participant,Khargone,43,43_Correct,66.0,160.0,41.25
DO,Participant,Mandla,43,43_Correct,45.0,110.0,40.91
DO,Participant,Mandsaur,43,43_Correct,34.0,86.0,39.53
DO,Participant,Morena,43,43_Correct,32.0,117.0,27.35
DO,Participant,Narmadapuram,43,43_Correct,36.0,79.0,45.57
DO,Participant,Narsinghpur,43,43_Correct,33.0,87.0,37.93
DO,Participant,Neemuch,43,43_Correct,20.0,57.0,35.09
DO,Participant,Niwari,43,43_Correct,5.0,31.0,16.13
DO,Participant,Panna,43,43_Correct,37.0,103.0,35.92
DO,Participant,Raisen,43,43_Correct,48.0,110.0,43.64
DO,Participant,Rajgarh,43,43_Correct,54.0,129.0,41.86
DO,Participant,Ratlam,43,43_Correct,39.0,114.0,34.21
DO,Participant,Rewa,43,43_Correct,30.0,71.0,42.25
DO,Participant,Sagar,43,43_Correct,46.0,122.0,37.7
DO,Participant,Satna,43,43_Correct,75.0,206.0,36.41
DO,Participant,Seoni,43,43_Correct,49.0,122.0,40.16
DO,Participant,Shahdol,43,43_Correct,34.0,83.0,40.96
DO,Participant,Shajapur,43,43_Correct,31.0,64.0,48.44
DO,Participant,Sheopur,43,43_Correct,22.0,50.0,44.0
DO,Participant,Shivpuri,43,43_Correct,27.0,116.0,23.28
DO,Participant,Sidhi,43,43_Correct,35.0,92.0,38.04
DO,Participant,Singrauli,43,43_Correct,13.0,39.0,33.33
DO,Participant,Tikamgarh,43,43_Correct,23.0,68.0,33.82
DO,Participant,Ujjain,43,43_Correct,49.0,114.0,42.98
DO,Participant,Umaria,43,43_Correct,29.0,65.0,44.62
DO,Participant,Vidisha,43,43_Correct,44.0,115.0,38.26
DO,Participant,Total,43,43_Correct,1697.0,4454.0,38.1
DO,Participant,Agar Malwa,44,44_Correct,34.0,51.0,66.67
DO,Participant,Alirajpur,44,44_Correct,61.0,110.0,55.45
DO,Participant,Ashoknagar,44,44_Correct,49.0,76.0,64.47
DO,Participant,Balaghat,44,44_Correct,70.0,110.0,63.64
DO,Participant,Barwani,44,44_Correct,67.0,104.0,64.42
DO,Participant,Betul,44,44_Correct,87.0,130.0,66.92
DO,Participant,Bhind,44,44_Correct,51.0,91.0,56.04
DO,Participant,Bhopal,44,44_Correct,45.0,57.0,78.95
DO,Participant,Burhanpur,44,44_Correct,21.0,29.0,72.41
DO,Participant,Chhatarpur,44,44_Correct,85.0,120.0,70.83
DO,Participant,Chhindwara,44,44_Correct,101.0,142.0,71.13
DO,Participant,Damoh,44,44_Correct,43.0,66.0,65.15
DO,Participant,Datia,44,44_Correct,31.0,59.0,52.54
DO,Participant,Dhar,44,44_Correct,111.0,166.0,66.87
DO,Participant,Dindori,44,44_Correct,48.0,73.0,65.75
DO,Participant,Guna,44,44_Correct,54.0,76.0,71.05
DO,Participant,Gwalior,44,44_Correct,47.0,90.0,52.22
DO,Participant,Harda,44,44_Correct,23.0,39.0,58.97
DO,Participant,Indore,44,44_Correct,57.0,76.0,75.0
DO,Participant,Jabalpur,44,44_Correct,68.0,91.0,74.73
DO,Participant,Jhabua,44,44_Correct,63.0,101.0,62.38
DO,Participant,Katni,44,44_Correct,60.0,87.0,68.97
DO,Participant,Khargone,44,44_Correct,96.0,160.0,60.0
DO,Participant,Mandla,44,44_Correct,84.0,110.0,76.36
DO,Participant,Mandsaur,44,44_Correct,61.0,86.0,70.93
DO,Participant,Morena,44,44_Correct,64.0,117.0,54.7
DO,Participant,Narmadapuram,44,44_Correct,53.0,79.0,67.09
DO,Participant,Narsinghpur,44,44_Correct,62.0,87.0,71.26
DO,Participant,Neemuch,44,44_Correct,38.0,57.0,66.67
DO,Participant,Niwari,44,44_Correct,19.0,31.0,61.29
DO,Participant,Panna,44,44_Correct,82.0,103.0,79.61
DO,Participant,Raisen,44,44_Correct,84.0,110.0,76.36
DO,Participant,Rajgarh,44,44_Correct,71.0,129.0,55.04
DO,Participant,Ratlam,44,44_Correct,70.0,114.0,61.4
DO,Participant,Rewa,44,44_Correct,52.0,71.0,73.24
DO,Participant,Sagar,44,44_Correct,75.0,122.0,61.48
DO,Participant,Satna,44,44_Correct,146.0,206.0,70.87
DO,Participant,Seoni,44,44_Correct,75.0,122.0,61.48
DO,Participant,Shahdol,44,44_Correct,61.0,83.0,73.49
DO,Participant,Shajapur,44,44_Correct,51.0,64.0,79.69
DO,Participant,Sheopur,44,44_Correct,42.0,50.0,84.0
DO,Participant,Shivpuri,44,44_Correct,69.0,116.0,59.48
DO,Participant,Sidhi,44,44_Correct,69.0,92.0,75.0
DO,Participant,Singrauli,44,44_Correct,19.0,39.0,48.72
DO,Participant,Tikamgarh,44,44_Correct,49.0,68.0,72.06
DO,Participant,Ujjain,44,44_Correct,71.0,114.0,62.28
DO,Participant,Umaria,44,44_Correct,54.0,65.0,83.08
DO,Participant,Vidisha,44,44_Correct,78.0,115.0,67.83
DO,Participant,Total,44,44_Correct,2971.0,4454.0,66.7
DO,Participant,Agar Malwa,45,45_Correct,16.0,51.0,31.37
DO,Participant,Alirajpur,45,45_Correct,36.0,110.0,32.73
DO,Participant,Ashoknagar,45,45_Correct,31.0,76.0,40.79
DO,Participant,Balaghat,45,45_Correct,36.0,110.0,32.73
DO,Participant,Barwani,45,45_Correct,35.0,104.0,33.65
DO,Participant,Betul,45,45_Correct,52.0,130.0,40.0
DO,Participant,Bhind,45,45_Correct,19.0,91.0,20.88
DO,Participant,Bhopal,45,45_Correct,22.0,57.0,38.6
DO,Participant,Burhanpur,45,45_Correct,14.0,29.0,48.28
DO,Participant,Chhatarpur,45,45_Correct,49.0,120.0,40.83
DO,Participant,Chhindwara,45,45_Correct,60.0,142.0,42.25
DO,Participant,Damoh,45,45_Correct,26.0,66.0,39.39
DO,Participant,Datia,45,45_Correct,13.0,59.0,22.03
DO,Participant,Dhar,45,45_Correct,45.0,166.0,27.11
DO,Participant,Dindori,45,45_Correct,26.0,73.0,35.62
DO,Participant,Guna,45,45_Correct,35.0,76.0,46.05
DO,Participant,Gwalior,45,45_Correct,32.0,90.0,35.56
DO,Participant,Harda,45,45_Correct,10.0,39.0,25.64
DO,Participant,Indore,45,45_Correct,37.0,76.0,48.68
DO,Participant,Jabalpur,45,45_Correct,41.0,91.0,45.05
DO,Participant,Jhabua,45,45_Correct,35.0,101.0,34.65
DO,Participant,Katni,45,45_Correct,31.0,87.0,35.63
DO,Participant,Khargone,45,45_Correct,71.0,160.0,44.38
DO,Participant,Mandla,45,45_Correct,56.0,110.0,50.91
DO,Participant,Mandsaur,45,45_Correct,37.0,86.0,43.02
DO,Participant,Morena,45,45_Correct,34.0,117.0,29.06
DO,Participant,Narmadapuram,45,45_Correct,31.0,79.0,39.24
DO,Participant,Narsinghpur,45,45_Correct,46.0,87.0,52.87
DO,Participant,Neemuch,45,45_Correct,31.0,57.0,54.39
DO,Participant,Niwari,45,45_Correct,4.0,31.0,12.9
DO,Participant,Panna,45,45_Correct,51.0,103.0,49.51
DO,Participant,Raisen,45,45_Correct,52.0,110.0,47.27
DO,Participant,Rajgarh,45,45_Correct,42.0,129.0,32.56
DO,Participant,Ratlam,45,45_Correct,50.0,114.0,43.86
DO,Participant,Rewa,45,45_Correct,45.0,71.0,63.38
DO,Participant,Sagar,45,45_Correct,51.0,122.0,41.8
DO,Participant,Satna,45,45_Correct,75.0,206.0,36.41
DO,Participant,Seoni,45,45_Correct,50.0,122.0,40.98
DO,Participant,Shahdol,45,45_Correct,37.0,83.0,44.58
DO,Participant,Shajapur,45,45_Correct,22.0,64.0,34.38
DO,Participant,Sheopur,45,45_Correct,28.0,50.0,56.0
DO,Participant,Shivpuri,45,45_Correct,26.0,116.0,22.41
DO,Participant,Sidhi,45,45_Correct,34.0,92.0,36.96
DO,Participant,Singrauli,45,45_Correct,8.0,39.0,20.51
DO,Participant,Tikamgarh,45,45_Correct,29.0,68.0,42.65
DO,Participant,Ujjain,45,45_Correct,46.0,114.0,40.35
DO,Participant,Umaria,45,45_Correct,33.0,65.0,50.77
DO,Participant,Vidisha,45,45_Correct,61.0,115.0,53.04
DO,Participant,Total,45,45_Correct,1751.0,4454.0,39.31
